{"meta":{"title":"steven","subtitle":"","description":"","author":"steven.deng","url":"http://yoursite.com","root":"/"},"posts":[{"title":"Hello Hexo","date":"2020-05-08T04:21:15.000Z","path":"2020/05/08/Hello-Hexo/","comments":true,"permalink":"http://yoursite.com/2020/05/08/Hello-Hexo/","categories":[],"tags":[]},{"title":"My New Post","date":"2020-05-07T10:42:31.000Z","path":"2020/05/07/My-New-Post/","comments":true,"permalink":"http://yoursite.com/2020/05/07/My-New-Post/","categories":[],"tags":[{"name":"111","slug":"111","permalink":"http://yoursite.com/tags/111/"}]},{"title":"Hello World","date":"2020-05-07T10:21:24.788Z","path":"2020/05/07/hello-world/","comments":true,"permalink":"http://yoursite.com/2020/05/07/hello-world/","categories":[],"tags":[]}],"categories":[],"tags":[{"name":"111","slug":"111","permalink":"http://yoursite.com/tags/111/"}]}